<?xml version="1.0" encoding="UTF-8"?>
<project-private xmlns="http://www.netbeans.org/ns/project-private/1">
    <editor-bookmarks xmlns="http://www.netbeans.org/ns/editor-bookmarks/2" lastBookmarkId="0"/>
    <open-files xmlns="http://www.netbeans.org/ns/projectui-open-files/2">
        <group>
            <file>file:/C:/Users/jpedroantunes/Desktop/Pessoal/Projetos/Chronos/src/cora/Tempo.java</file>
            <file>file:/C:/Users/jpedroantunes/Desktop/Pessoal/Projetos/Chronos/src/cora/Equipe.java</file>
            <file>file:/C:/Users/jpedroantunes/Desktop/Pessoal/Projetos/Chronos/src/constantes/Bateria.java</file>
            <file>file:/C:/Users/jpedroantunes/Desktop/Pessoal/Projetos/Chronos/src/cora/Pontuar.java</file>
            <file>file:/C:/Users/jpedroantunes/Desktop/Pessoal/Projetos/Chronos/src/frames/PontuacaoUI.java</file>
            <file>file:/C:/Users/jpedroantunes/Desktop/Pessoal/Projetos/Chronos/src/frames/ConfiguracoesUI.java</file>
            <file>file:/C:/Users/jpedroantunes/Desktop/Pessoal/Projetos/Chronos/src/configuracoes/Configurar.java</file>
        </group>
    </open-files>
</project-private>
